ax_mean,ax_std,ax_rms,ax_max,ax_mean_dup,ax_min,ax_kurtosis,ax_skew,ax_energy,ay_mean,ay_std,ay_rms,ay_max,ay_mean_dup,ay_min,ay_kurtosis,ay_skew,ay_energy,az_mean,az_std,az_rms,az_max,az_mean_dup,az_min,az_kurtosis,az_skew,az_energy,gx_mean,gx_std,gx_rms,gx_max,gx_mean_dup,gx_min,gx_kurtosis,gx_skew,gx_energy,gy_mean,gy_std,gy_rms,gy_max,gy_mean_dup,gy_min,gy_kurtosis,gy_skew,gy_energy,gz_mean,gz_std,gz_rms,gz_max,gz_mean_dup,gz_min,gz_kurtosis,gz_skew,gz_energy,acc_max,acc_mean,acc_min,gyro_max,gyro_mean,gyro_min,a_top1,a_top2,a_top3,a_top4,a_top5,a_max_freq,a_energy,a_entropy,g_top1,g_top2,g_top3,g_top4,g_top5,g_max_freq,g_energy,g_entropy
3060.5048543689322,3532.0335485157148,4673.537306094422,14475.0,3060.5048543689322,950.0,2.750938543894918,1.97553630835789,2249720948.0,-2464.4951456310678,3278.5208506921285,4101.516218578458,1285.0,-2464.4951456310678,-13626.0,3.3714381982774713,-2.1320763881011766,1732710835.0,-548.3592233009708,2417.281695063428,2478.6989795188847,9078.0,-548.3592233009708,-8274.0,6.7470926855364795,1.8813000458333007,632826709.0,-875.8252427184466,16939.28490164708,16961.911532458584,32767.0,-875.8252427184466,-32768.0,0.1953879917932828,-0.14923499866363082,29633763612.0,3485.7087378640776,10786.404791353481,11335.63821441719,32767.0,3485.7087378640776,-22041.0,2.4620196506142706,1.3269262667071078,13235159454.0,-7283.368932038835,12333.791058847504,14323.751774011414,5882.0,-7283.368932038835,-32768.0,0.20009817030803223,-1.3401488928842336,21132496083.0,18091.295614189716,4627.926248713197,1779.6350749521655,56754.686167751825,17687.04588447401,1525.5484259767043,128545.9177557879,128510.24126025599,128403.24737319791,128225.04285112137,127975.8054812448,0.0,582580700709.2068,3.9759233517805677,667717.9789021658,667531.6466439705,666972.8360539717,666042.1054659155,664740.3847029479,0.0,15668601077114.363,3.972109704613487
4705.913461538462,5235.697338226409,7039.7548341543825,19904.0,4705.913461538462,-1137.0,1.6913064208996778,1.6348557759172708,5154047405.0,-2867.076923076923,5304.59145220931,6029.827572799433,3623.0,-2867.076923076923,-19134.0,2.3307007718096617,-1.7733374968355322,3781317338.0,-1131.5961538461538,2860.6107555206795,3076.2970841581605,8073.0,-1131.5961538461538,-8017.0,1.1344705842397138,0.34778852303083385,984214790.0,-7951.3557692307695,16213.03141820366,18057.86383647131,32767.0,-7951.3557692307695,-32768.0,0.9779767300257283,0.9923870307799245,33912990419.0,12323.788461538461,12378.11936339613,17466.928780390408,32767.0,12323.788461538461,-14426.0,-0.6254287698161707,0.19299643459257645,31729734506.0,10284.153846153846,27327.418648946572,29198.486781786378,32767.0,10284.153846153846,-32768.0,-1.2442166128968006,-0.7527568151098288,88665369556.0,25306.730369607212,7034.220448433656,1161.5201246642264,56754.686167751825,37543.04760569426,9619.296491947838,29278.66538344408,29274.31587299678,29237.77958571471,29223.90492111394,29152.532332004666,36.0,34300845480.364143,4.078050227985083,150788.96410837112,150671.99429677607,150662.70556309368,150316.24052738823,150289.02997676734,35.0,890901918894.2329,4.056992241681388
4157.504854368932,5381.058914943501,6800.047180732952,22013.0,4157.504854368932,-925.0,1.8478718214466596,1.6903702138628718,4762786091.0,-3497.73786407767,6745.978815116692,7598.842039403492,1933.0,-3497.73786407767,-24315.0,1.9637363153684886,-1.7737849289117593,5947467235.0,-1295.1359223300972,2760.5747960933954,3049.2868448435484,8896.0,-1295.1359223300972,-6779.0,2.4698902807238863,1.0782286557763605,957709477.0,-6230.47572815534,17185.32486782015,18279.885629063723,32767.0,-6230.47572815534,-32768.0,0.25055587816665215,0.6005303046518858,34417884517.0,9050.805825242718,14828.485707902903,17372.42281536252,32767.0,9050.805825242718,-32768.0,0.30832326821792044,-0.4129858634982561,31085510671.0,9384.0,24595.635283323976,26324.98301975314,32767.0,9384.0,-32768.0,-0.8597285031096757,-0.8674291242925876,71379487292.0,30141.73659562435,7374.7670921677245,665.6387909369465,56755.263518020955,34915.13513510662,12998.48795052717,14381.29328010871,14373.359042340859,14363.292036298677,14339.813536928457,14319.069955837202,40.0,7752503529.692964,4.032077756500895,83082.87103416497,83027.78413023625,82992.3087386613,82828.58675965095,82754.77256747318,39.0,259537392984.2426,4.021588766177292
3970.855769230769,4550.455390182793,6039.398960002305,18438.0,3970.855769230769,-1000.0,2.3643566672067635,1.777777522808682,3793331339.0,-2607.5096153846152,4627.022408125139,5311.162091257937,2980.0,-2607.5096153846152,-14808.0,0.09118693616661844,-1.0738879875678133,2933678047.0,-778.8461538461538,2352.0817856382805,2477.6783604197517,7054.0,-778.8461538461538,-8927.0,2.896303142556067,0.27936639975726923,638444566.0,-8221.038461538461,16901.995771962665,18795.290220199804,32767.0,-8221.038461538461,-32768.0,0.7424886736812346,0.8829346576208835,36739345184.0,12943.60576923077,16217.470206906188,20749.53662666118,32767.0,12943.60576923077,-24217.0,-0.44159338451514873,-0.6851264414232292,44776500103.0,10963.48076923077,28222.695230891466,30277.358482421758,32767.0,10963.48076923077,-32768.0,-1.2862486602759013,-0.7357838258789904,95338717414.0,20585.99108617314,6523.307280152322,613.446819210924,56754.686167751825,40509.79529258678,19091.849831799955,10428.298988247905,10425.83884336321,10412.428000128837,10404.934066015468,10378.369152598782,41.0,4082734096.679718,4.020551577523944,67581.24200465981,67544.44737570849,67511.96736445196,67400.91032896448,67337.46853991988,42.0,180709066498.3109,4.051265246425173
4158.203883495145,5023.998933969693,6521.596800266229,20261.0,4158.203883495145,-884.0,2.3853198951565258,1.7841156627247596,4380716157.0,-3494.4951456310678,6063.676014851324,6998.547216095804,1711.0,-3494.4951456310678,-21752.0,1.9186688564501866,-1.795221660549054,5044905303.0,-1131.9126213592233,2585.055696407724,2822.009768927516,8190.0,-1131.9126213592233,-9838.0,2.978690271941894,0.4689873557266743,820265131.0,-6862.631067961165,15671.546184887253,17108.274752294576,32767.0,-6862.631067961165,-32768.0,1.1241054599381766,1.0235387440358197,30147385695.0,8837.330097087379,14219.469338198523,16741.91480998677,32767.0,8837.330097087379,-32768.0,0.5432309545670173,-0.5273908048314249,28870046285.0,5796.504854368932,25497.889846395297,26148.457987912614,32767.0,5796.504854368932,-32768.0,-1.3033291920493837,-0.46162818226821023,70425411080.0,27833.814560710143,7011.688379363325,1202.2599552509432,56755.263518020955,33438.05619122177,10973.499214015555,9868.732024346224,9866.607587775885,9857.158440909932,9850.932964031846,9831.764795658373,44.0,4068356362.9035788,4.077578659601088,57797.97884142788,57782.26981649763,57730.613639445124,57683.94758692318,57579.855078829285,46.0,138451022328.5406,4.103116715139007
4356.336538461538,5458.049272212162,6983.406754173121,19856.0,4356.336538461538,-2014.0,0.8889200577003837,1.4043070613829667,5071868869.0,-2285.7596153846152,5318.255075490876,5788.655635577892,4540.0,-2285.7596153846152,-17456.0,1.974949330154197,-1.5783465302647215,3484887543.0,-1027.048076923077,2273.2956776612286,2494.534223133572,4565.0,-1027.048076923077,-9587.0,2.46929115750181,-0.7546744311515312,647160903.0,-11454.663461538461,15440.809375340012,19225.70958853515,32767.0,-11454.663461538461,-32768.0,2.6995307945364315,1.6349271070178644,38441302555.0,9917.182692307691,13137.474917464473,16460.36936886944,32767.0,9917.182692307691,-18421.0,-0.4863269300941373,-0.035739598016717014,28178151015.0,12527.259615384615,27374.458046618227,30104.70373242872,32767.0,12527.259615384615,-32768.0,-1.0173626349337284,-0.9076755079324803,94254491429.0,24722.63345600545,6714.795031210116,476.0346626034705,56754.686167751825,38672.27296888269,17717.282466563545,6237.612301549445,6233.618208119283,6231.313605166414,6219.284286358188,6214.800144596679,43.0,1779517479.2015867,4.221388521741672,37614.3596516115,37590.10860504418,37572.75843426132,37500.431547011576,37464.995071481644,50.0,56491414928.91506,4.094154737096367
3912.5145631067962,5394.280413718474,6663.785064687299,20637.0,3912.5145631067962,-1175.0,1.9558782435459685,1.7332514478619554,4573821233.0,-3274.4757281553398,6358.482962878544,7152.097376538937,2118.0,-3274.4757281553398,-24769.0,3.1798612883376256,-2.007975096901591,5268707179.0,-1300.6699029126214,2654.1520225859476,2955.7173672967797,8281.0,-1300.6699029126214,-6364.0,2.4757379002584186,0.9619908172241559,899835311.0,-7670.349514563107,16263.296412718319,17981.353449712708,32767.0,-7670.349514563107,-32768.0,0.48008874446889704,0.7150633491026277,33302894404.0,11683.553398058253,11129.656332178067,16136.129340014286,32767.0,11683.553398058253,-9264.0,-0.6752798112631453,0.4114195646594061,26818591018.0,9714.223300970874,25544.12256869485,27328.891893848002,32767.0,9714.223300970874,-32768.0,-1.0279711964992035,-0.7927912742928901,76927438211.0,29950.123472199575,6961.34832949636,496.8410208507345,56754.686167751825,34946.13561416902,12042.910030387175,7880.0504775123845,7879.000896178444,7874.368151889083,7870.999498820511,7862.193065432357,52.0,2820675405.3339167,4.093433994257132,37346.44902654156,37344.51272547152,37293.89179304462,37287.892731116175,37187.12331542083,53.0,55729716299.95832,4.063430922381044
4869.028846153846,5747.08111609164,7532.355757637539,21164.0,4869.028846153846,-941.0,0.8883243187597678,1.4324325194266365,5900583859.0,-3831.153846153846,6646.203046692888,7671.359379586465,3276.0,-3831.153846153846,-21757.0,0.0033860595530184057,-1.1333327595523361,6120374492.0,-1191.5,3252.2017423703783,3463.5947255816354,8975.0,-1191.5,-11136.0,1.7653570278881938,0.21526571756724636,1247634796.0,-6372.817307692308,19059.215828450804,20096.430241032667,32767.0,-6372.817307692308,-32768.0,-0.3355297171565055,0.5423014638249292,42002116877.0,13501.23076923077,13442.006538939766,19051.79183375997,32767.0,13501.23076923077,-13405.0,-0.9233742483610561,-0.08682078367669836,37748960296.0,10083.826923076924,28228.981014962643,29975.97262071228,32767.0,10083.826923076924,-32768.0,-1.3074078871698112,-0.7575561799780801,93450129194.0,26006.574649499693,8327.497105920558,254.58397435816732,56754.686167751825,39679.0005605845,18607.322349010887,6704.567340942684,6640.498813007352,6578.782645726322,6519.756891657536,6463.728726713265,0.0,2099735073.0845244,4.174568050364022,26134.926208666264,26129.797943562382,26095.14525667612,26080.102064455074,26010.1979692438,56.0,27876562512.792347,4.064691517016543
3892.0485436893205,5119.274664904285,6430.786496313266,20598.0,3892.0485436893205,-1697.0,3.0029560008180214,1.9711709968229238,4259566541.0,-2773.019417475728,5708.546345459914,6346.427189211357,2010.0,-2773.019417475728,-25165.0,6.340994021327134,-2.6190777219299397,4148545221.0,-1078.6990291262136,2538.0212873511523,2757.742491692333,5821.0,-1078.6990291262136,-7850.0,0.5750359675385885,0.24917531245657457,783329796.0,-7229.359223300971,13824.08433727755,15600.286617357046,32767.0,-7229.359223300971,-32071.0,1.811861707703672,1.1369886732082148,25067001082.0,9564.485436893205,12916.91288064965,16072.523760717697,32767.0,9564.485436893205,-16474.0,-0.6565866970340601,0.19159880590955974,26607580064.0,10763.776699029126,24264.27750007451,26544.56726765732,32767.0,10763.776699029126,-32768.0,-0.8798462566424474,-0.7848643904620325,72575247297.0,30906.334286032692,6387.085440295936,260.710567488163,56754.686167751825,33177.20656648005,13351.587396261166,7110.553580414571,7108.93303778061,7103.355847165828,7098.512739393524,7087.335401734956,46.0,2189055605.0797505,4.1036731372538195,27953.332923974158,27943.195250682646,27927.21118390628,27896.57144486603,27865.1397114694,59.0,31884503283.578743,4.106119394164807
4249.442307692308,5099.493232414455,6637.965889777241,21300.0,4249.442307692308,-1220.0,2.982949049183757,1.9042551930441391,4582509480.0,-2672.019230769231,5465.716249039534,6083.891919208902,2778.0,-2672.019230769231,-19391.0,1.77551401664227,-1.618034842873036,3849429052.0,-899.8557692307693,2271.3153526361243,2443.0746686375473,5626.0,-899.8557692307693,-8998.0,2.1744494824849356,-0.08630909055707063,620735839.0,-9500.932692307691,15298.32182303794,18008.508339809825,32767.0,-9500.932692307691,-32768.0,1.6338545362073544,0.9917236150001003,33727862753.0,9466.548076923076,17911.242374059482,20259.02603470858,32767.0,9466.548076923076,-32768.0,-0.023880131723482467,-0.6299452191534265,42684526131.0,10648.10576923077,26487.859071845854,28548.00929456715,32767.0,10648.10576923077,-32768.0,-1.0821789156888824,-0.7825793949688746,84758838807.0,26217.321411616405,6880.003900629148,854.2394277952757,56755.263518020955,38466.6070505501,21571.098928890944,5077.197917959812,5077.099371102582,5072.962373535878,5072.429311733833,5064.6457461582,60.0,1076073300.6004462,4.072947036317613,23857.56250533039,23851.712687788262,23831.385718563943,23813.66277355075,23773.4332501743,60.0,28407077011.667114,4.240498186228751
4237.446601941748,5783.137660354018,7169.423610229251,21563.0,4237.446601941748,-1620.0,2.03456547991292,1.7389921129535357,5294265395.0,-3232.78640776699,6236.8028460731475,7024.8571301507,2784.0,-3232.78640776699,-22454.0,1.6463472022072834,-1.6477799118209402,5082907623.0,-1292.504854368932,2845.1547601492143,3124.9759051498286,8943.0,-1292.504854368932,-7127.0,2.5191510869255946,1.0836384731011268,1005843864.0,-8038.660194174758,16485.603463754174,18341.079010831218,32767.0,-8038.660194174758,-32768.0,0.416374138484525,0.6855795369712464,34648703466.0,12069.281553398057,13761.956453411049,18304.616976074005,32767.0,12069.281553398057,-16561.0,-0.9338973206322354,-0.03438075208293627,34511077272.0,9919.766990291262,24231.340620287316,26183.193949517663,32767.0,9919.766990291262,-32768.0,-0.7527693317449069,-0.933564237550354,70612643476.0,31075.3118407523,7251.694982006142,1062.5916431066075,56754.686167751825,35232.590204028646,14365.973200587561,4844.937848192788,4844.401147999823,4841.949833470851,4840.135561132634,4835.6594894303225,38.0,1421106824.58676,4.281556886490819,26413.11463806168,26409.842643577926,26388.501947227043,26378.887150361843,26335.842488693706,72.0,23158567436.221565,4.022345859350431
4714.682692307692,5466.918058904613,7219.101464304479,21021.0,4714.682692307692,-660.0,1.6448691259699384,1.6587614111137903,5420004299.0,-2677.6923076923076,5827.271985238103,6413.044119964822,3694.0,-2677.6923076923076,-22271.0,2.812249350555848,-1.8361432602660923,4277222028.0,-887.0384615384615,2284.5098107567383,2450.6779281848335,6495.0,-887.0384615384615,-8338.0,1.7655945605971803,0.2626746261542461,624605520.0,-8495.75,15900.190466777676,18027.585111220742,32767.0,-8495.75,-32768.0,1.0180417139408346,0.7848042393376858,33799357794.0,12134.64423076923,13732.977810952749,18326.054407958676,32767.0,12134.64423076923,-16397.0,-0.7402490949899936,-0.15865875566118137,34927804097.0,12869.817307692309,25946.86984929471,28963.291465398324,32767.0,12869.817307692309,-32768.0,-0.7145986256381964,-1.0341831030179975,87242714261.0,26546.7479364234,7036.152220053677,961.8638157244507,56754.686167751825,37633.83599022691,18562.55707061934,7326.966264031808,7326.014961268201,7320.6939273821035,7317.832920642658,7307.217322226064,52.0,2483535424.824182,4.1613272114202715,26320.487583025897,26234.92070763641,26122.499703943373,25983.57320610982,25818.52431206971,0.0,17308467511.171547,3.7737462805804154
3744.5825242718447,5204.382646253697,6411.512848751747,21950.0,3744.5825242718447,-366.0,3.2835436514254157,1.9959771446460441,4234072192.0,-3171.2912621359224,5744.890904743046,6562.077397950974,2030.0,-3171.2912621359224,-21094.0,1.7762731875350175,-1.6994314541188285,4435268557.0,-1299.388349514563,2773.194846203544,3062.5185285748194,10992.0,-1299.388349514563,-9211.0,5.356778378983661,1.1189020417802509,966039033.0,-9081.378640776698,15312.061539982264,17802.546633034253,32767.0,-9081.378640776698,-32768.0,1.2565003372671857,0.9600252761461483,32643858662.0,10087.873786407767,11949.588416098992,15638.345847456507,32767.0,10087.873786407767,-24468.0,0.792856193726148,-0.17382489914731553,25189459667.0,9205.26213592233,25366.337626886296,26984.95757995986,32767.0,9205.26213592233,-32768.0,-1.0481431105905183,-0.7651651966197063,75003357366.0,29881.638258301704,6727.547526263869,968.2189834949529,56754.686167751825,34065.676954908886,4028.21300330556,5587.289629659869,5441.575555999809,5291.587698665695,5137.583671351043,4979.833243914087,0.0,966571207.8334541,4.10232315223845,17564.329521305197,16888.417241915282,16215.260410821402,15545.81848699291,14881.103708228971,74.0,8101591738.86588,4.167207289751556
4661.1442307692305,5424.070443967386,7151.699498801236,23091.0,4661.1442307692305,-1163.0,2.031933642062489,1.7008052597053338,5319267795.0,-3046.625,6653.190875852642,7317.572870915181,3687.0,-3046.625,-24445.0,2.4302964558370155,-1.7716164754182913,5568874763.0,-710.8942307692307,2125.4637635035597,2241.1976301316427,5251.0,-710.8942307692307,-6740.0,1.007483975637082,0.29019705601993145,522388549.0,-9953.221153846154,16091.568416264518,18921.02495724511,32767.0,-9953.221153846154,-32768.0,1.5765602861255141,1.1800352390138764,37232539285.0,11250.846153846154,16133.848608991899,19669.33171501728,32767.0,11250.846153846154,-32768.0,0.3370200784956032,-0.8116734656420139,40235791452.0,13288.836538461539,26992.09158720617,30085.979870997668,32767.0,13288.836538461539,-32768.0,-0.8877503022074702,-0.9781704032709435,94137283219.0,29419.60139090943,7397.772395351219,609.6843445587233,56754.686167751825,39992.21453660993,24328.10658477145,4656.468208567468,4641.489526492419,4622.73098019603,4600.322156308185,4574.397619090378,0.0,874460424.2049243,4.23440933504835,39611.57505601196,39600.50906534491,39600.50906534119,39567.32310700042,39567.32310699682,49.0,87490210874.11897,4.257509917047056
4359.815533980583,5973.311278191223,7395.163224466709,23242.0,4359.815533980583,-974.0,1.1282369915656592,1.543561425615142,5632909229.0,-5424.320388349514,7755.8820787632785,9464.510473085527,2024.0,-5424.320388349514,-21014.0,-0.7744916278999288,-0.928308430376348,9226426725.0,-1864.6796116504854,2958.7053657031524,3497.280013831554,8449.0,-1864.6796116504854,-11471.0,3.3421667130057084,0.363120547473943,1259789652.0,-1904.9126213592233,17955.569143962748,18056.332833071083,32767.0,-1904.9126213592233,-32768.0,-0.23222937290736256,0.668323817668495,33581209004.0,13756.16504854369,14160.778588583851,19742.33337469687,32767.0,13756.16504854369,-13824.0,-1.4091257015466012,0.10662824257756726,40145251889.0,6669.78640776699,28020.10936953301,28802.996021348634,32767.0,6669.78640776699,-32768.0,-1.4710846450044266,-0.5562802647508426,85450095720.0,29686.589918682137,8758.13089141982,665.3765851004978,56754.686167751825,37039.05395961486,1613.0573455398292,4677.510164966492,4676.1836318031565,4674.594314419494,4670.514609065044,4667.542715104066,26.0,1037326660.7763517,4.158260367400573,32573.508643935445,32057.928206824596,31528.263854320092,30985.070685559567,30428.917214695735,0.0,21257115606.175217,3.79936960051998
3773.528846153846,3780.9906362586503,5341.854560377957,14322.0,3773.528846153846,-1196.0,0.6403094376169567,1.3193834198571375,2967682655.0,-1202.2403846153845,3361.060963146082,3569.6096061592807,3674.0,-1202.2403846153845,-11151.0,1.312738199056664,-1.3244561624765774,1325179725.0,-682.4615384615385,2112.6918844262905,2220.184845908106,4264.0,-682.4615384615385,-5998.0,0.04632029482632971,0.09764204123730129,512638958.0,-9508.740384615385,16485.71376688779,19031.418814837984,32767.0,-9508.740384615385,-32768.0,0.46059756587873313,0.7834386880217812,37668269819.0,10059.961538461539,13527.460883700945,16858.0848294041,32767.0,10059.961538461539,-15561.0,-0.965135129152968,0.2886153964408841,29556282508.0,11424.35576923077,24284.503611403597,26837.53007253519,32767.0,11424.35576923077,-32768.0,-0.7804616644964639,-0.8869007580900143,74906314121.0,16312.321018175187,5335.866054468277,809.5498749305073,56754.686167751825,35664.81933405017,13104.711748069853,7326.966264031648,7326.014961268031,7320.693927381953,7317.8329206424805,7307.21732222592,46.0,2580369776.979898,4.188021333956124,17880.097721817314,17304.113265162705,16716.847674555178,16119.156536205654,15511.902247625761,74.0,7336971938.381213,4.003819037292863
3951.330097087379,5686.581578274924,6924.609706151262,23234.0,3951.330097087379,-1615.0,3.4401459928079925,2.0041503646267245,4938872617.0,-3376.990291262136,6121.144155842499,6990.8847225428835,1828.0,-3376.990291262136,-25743.0,4.9034582564937725,-2.2737401672509154,5033864328.0,-1294.0291262135922,2686.4064366437524,2981.8267760435206,7341.0,-1294.0291262135922,-8484.0,1.7432604240595726,0.6425251812404879,915802965.0,-6144.796116504855,16482.54890468476,17590.70600370371,32767.0,-6144.796116504855,-32382.0,0.46575434285458206,0.8540340840707631,31871592584.0,11762.85436893204,12708.932026359895,17317.09260110772,32767.0,11762.85436893204,-28373.0,0.10073264948468097,-0.10218073839659314,30887814704.0,5573.805825242718,26895.549856774043,27467.033212120456,32767.0,5573.805825242718,-32768.0,-1.464547029539844,-0.47427014333282996,77707105088.0,33642.00383449238,7000.288243859969,926.9395881070136,56754.686167751825,34931.10052210999,6822.952806520063,4844.937848192868,4844.401147999893,4841.949833470947,4840.135561132693,4835.659489430432,60.0,1190663900.022453,4.2333016284469265,26413.11463806055,26409.842643576816,26388.50194722594,26378.887150360733,26335.84248869259,26.0,31467506430.217606,4.122241847885403
4963.942307692308,5856.509725915984,7677.201925431306,21761.0,4963.942307692308,-994.0,1.305955451857403,1.5635349871013413,6129700658.0,-3179.019230769231,6612.7223330090255,7337.183378046164,3532.0,-3179.019230769231,-23348.0,1.4249581276101857,-1.5333874710414832,5598763032.0,-700.3173076923077,2542.6791528456415,2637.3588314389895,7650.0,-700.3173076923077,-9035.0,2.127434091145439,0.3649488268085867,723388807.0,-9347.413461538461,18389.199645135865,20628.54338070469,32767.0,-9347.413461538461,-32768.0,0.39742184948533543,1.0032394897103456,44255827409.0,11919.259615384615,13655.15353897511,18125.450834446106,32767.0,11919.259615384615,-12678.0,-1.1268273213894127,-0.1154824124102936,34167324667.0,11498.778846153846,27462.435879606084,29772.5930915369,32767.0,11498.778846153846,-32768.0,-1.094360971728923,-0.8561377392610192,92186359137.0,27365.726319613736,7814.162686534336,934.6159639124511,56754.686167751825,39645.439536738355,21598.29220100515,5077.197917959629,5077.0993711024,5072.962373535674,5072.429311733659,5064.6457461579885,38.0,1449435624.3403156,4.2522804197652455,23857.562505329366,23851.7126877872,23831.385718562953,23813.662773549604,23773.433250173348,38.0,25603049988.81575,4.182232573927109
4527.339805825242,5534.486270882805,7150.338733234951,21023.0,4527.339805825242,-112.0,0.735377647274178,1.3908693660107616,5266116432.0,-4826.9320388349515,7648.193991098708,9044.011512211255,2792.0,-4826.9320388349515,-24615.0,-0.12250398604576418,-1.1491012374535368,8424796856.0,-1592.0582524271845,3170.3034917206846,3547.6011202977515,8684.0,-1592.0582524271845,-7160.0,1.6291962292560687,1.0748253432052675,1296303792.0,-4669.097087378641,18404.52406577419,18987.547859031958,32767.0,-4669.097087378641,-32768.0,-0.3321072077159113,0.5171249980107429,37134278291.0,11994.660194174758,14670.417748767992,18949.75013284047,32767.0,11994.660194174758,-30009.0,-0.7664970959369968,0.040473441439305126,36986582100.0,5961.368932038835,27403.21411769784,28044.14490627717,32767.0,5961.368932038835,-32768.0,-1.4666701482035256,-0.49503195747379214,81006828543.0,30975.906637255994,8863.895831153122,634.859039472543,56754.686167751825,36397.74977626111,6327.63067822388,7110.553580414642,7108.933037780679,7103.355847165905,7098.512739393578,7087.335401735034,52.0,2106821342.641758,4.055782851667807,27953.33292397406,27943.1952506826,27927.211183906165,27896.57144486601,27865.1397114693,39.0,35681138240.18523,4.198780183740913
3504.846153846154,4067.980180084722,5369.581855944865,14331.0,3504.846153846154,-1452.0,0.8176738143352473,1.3615470904158058,2998570568.0,-1451.2115384615386,3336.8949254828235,3638.8023679607722,3813.0,-1451.2115384615386,-8762.0,-1.10044071744094,-0.2532228876482331,1377051798.0,-684.9903846153846,2870.1266974687596,2950.735346746377,9837.0,-684.9903846153846,-6931.0,3.483112446107671,1.384958713947355,905511265.0,-7433.009615384615,18678.70399447909,20103.323477867267,32767.0,-7433.009615384615,-32768.0,-0.184375618166555,0.5958003256006226,42030935945.0,9893.586538461539,14113.485825491774,17235.82132479867,32767.0,9893.586538461539,-18176.0,-0.966080744775403,0.050243239029132185,30895647821.0,9214.923076923076,27215.606348865178,28733.326230180868,32767.0,9214.923076923076,-32768.0,-1.2733831614367803,-0.7152762503839101,85862819770.0,17268.654464086077,5839.254840891983,240.1666088364492,56754.686167751825,37250.04745022831,4202.451784375402,6069.674788359532,6069.355263714662,6068.524180840539,6067.998283565362,6066.042531895162,71.0,1366409199.1510253,4.017658763194189,26134.92620866646,26129.797943562564,26095.14525667633,26080.10206445523,26010.197969244036,42.0,26846094310.773697,4.0936395153299605
4363.47572815534,5343.252241964208,6898.569775790944,21691.0,4363.47572815534,-1745.0,2.4393733896122276,1.7496104249122801,4901797290.0,-3885.73786407767,7247.331685686307,8223.306835493833,2658.0,-3885.73786407767,-26224.0,2.168940072488783,-1.82605880285065,6965145857.0,-1188.9417475728155,2631.8776191973475,2887.968538878739,7918.0,-1188.9417475728155,-9068.0,1.7794545692322483,0.36703205806434663,859057315.0,-8197.368932038835,15417.244484503613,17461.050509717697,32767.0,-8197.368932038835,-32768.0,1.4394080266364604,1.1009147628482618,31403493345.0,8913.563106796117,13225.729480253729,15949.029047051401,32767.0,8913.563106796117,-32768.0,0.3983126753146107,0.03595785608406677,26200267337.0,8943.067961165048,27749.790852447968,29155.262936777322,32767.0,8943.067961165048,-32768.0,-1.3607505743483213,-0.6291102526747052,87553023762.0,32167.645608592495,7741.121512379623,854.3541420277659,56755.263518020955,36009.72967994426,6459.011534282936,7880.0504775121135,7879.000896178181,7874.368151888792,7870.999498820266,7862.19306543204,46.0,3559118082.782307,4.293407430116263,37346.44902654188,37344.51272547178,37293.891793044895,37287.89273111645,37187.12331542111,45.0,56829834448.38509,4.0666908372121995
5050.461538461538,6477.497736132189,8213.716495781731,24770.0,5050.461538461538,-649.0,1.9324564066642633,1.6990511484451238,7016374422.0,-3558.644230769231,7171.640479799944,8006.021229842718,3447.0,-3558.644230769231,-23419.0,1.364102056778047,-1.5866581055654014,6666023097.0,-1499.326923076923,3371.357468673834,3689.719827283117,7108.0,-1499.326923076923,-11858.0,0.596635257803658,-0.2922832786500876,1415859370.0,-10673.086538461539,16209.353663092288,19407.676894278004,32767.0,-10673.086538461539,-32768.0,1.418590951452237,1.1113464785722686,39172423933.0,10656.182692307691,13318.24673778597,17056.668072644923,32767.0,10656.182692307691,-13296.0,-1.0555360926291089,0.2584312759000835,30256712277.0,11306.701923076924,27002.08950742367,29273.782573221226,32767.0,11306.701923076924,-32768.0,-1.066881402462516,-0.8358297942136512,89123251999.0,33085.265920043625,8426.393945544218,727.5857337798756,56754.686167751825,37571.742889931666,6802.233897772114,6237.612301549381,6233.618208119219,6231.313605166346,6219.284286358127,6214.800144596609,55.0,1574954533.519611,4.101554734335229,37614.35965161104,37590.10860504374,37572.75843426086,37500.43154701113,37464.99507148116,48.0,54098694760.452156,4.055418249389187
4547.0291262135925,5751.852408169499,7332.072012739646,23163.0,4547.0291262135925,-1234.0,1.7820724809332171,1.652879214160241,5537205840.0,-3920.6990291262136,7823.013099692486,8750.509404311926,2323.0,-3920.6990291262136,-28197.0,1.940152454855598,-1.7784785169413244,7886855728.0,-911.757281553398,2664.601219607609,2816.2743119234674,10070.0,-911.757281553398,-8487.0,5.666422000174096,1.0964385183680374,816934303.0,-9581.213592233009,16670.454283331055,19227.68056507652,32767.0,-9581.213592233009,-32768.0,1.180648008124459,1.0872550203106837,38079481091.0,10105.893203883496,12879.934092661848,16371.370733069716,32767.0,10105.893203883496,-20938.0,-0.4038082614222942,0.18950209431973722,27606243307.0,12330.446601941747,27435.163465225665,30078.69857169672,32767.0,12330.446601941747,-32768.0,-1.0254149769577603,-0.906561111412856,93186995100.0,33864.60946179654,7828.945936121046,1106.4542466817143,56754.686167751825,38351.88223087723,12549.738722379841,9868.732024346195,9866.607587775847,9857.158440909903,9850.932964031805,9831.764795658346,54.0,4122838310.811017,4.136745833173883,57797.97884142742,57782.26981649714,57730.61363944469,57683.94758692264,57579.8550788289,52.0,132514791346.88506,4.024839655355635
4853.596153846154,6336.564653354296,7981.819794430919,23014.0,4853.596153846154,-1317.0,1.50465612311167,1.62807081057171,6625782512.0,-3677.6923076923076,7155.691971964216,8045.455133657281,3736.0,-3677.6923076923076,-24936.0,1.7062368799156644,-1.6725796425098836,6731852224.0,-1715.2596153846155,3392.8914206345057,3801.8190041590115,7769.0,-1715.2596153846155,-12070.0,0.7666872343641056,-0.35104528154770037,1503198085.0,-9801.615384615385,17191.389043818337,19789.277940436485,32767.0,-9801.615384615385,-32768.0,0.6835255087537653,0.9610175058446365,40728014226.0,14280.153846153846,13912.71804015279,19937.063904562663,32767.0,14280.153846153846,-23367.0,-0.2911863536289645,-0.4531746613485833,41338597782.0,11302.076923076924,26199.893259358425,28533.687977142443,32767.0,11302.076923076924,-32768.0,-0.9143585873594224,-0.9097326310295129,84673820356.0,31640.30725198477,8350.820142808625,604.574230347275,56754.686167751825,38487.9626077447,10439.916378975457,10428.29898824763,10425.838843362922,10412.428000128572,10404.934066015192,10378.369152598509,57.0,3993250169.0602927,3.9976501403704345,67581.24200465878,67544.44737570744,67511.96736445092,67400.91032896345,67337.46853991887,56.0,174557428577.91446,4.036858251321903
3610.330097087379,4696.136086557021,5923.52745865148,22927.0,3610.330097087379,-482.0,4.549396427209115,2.1921465577774346,3614082288.0,-1836.9126213592233,4673.9681673347095,5021.974353555282,2878.0,-1836.9126213592233,-20662.0,5.043557110947253,-2.2355867721494,2597683320.0,-689.0097087378641,2525.4993065686153,2617.800818666996,9036.0,-689.0097087378641,-7799.0,3.4597387051911612,0.6650515783058097,705846756.0,-12934.126213592233,11405.39856390586,17244.556744395595,31033.0,-12934.126213592233,-32768.0,1.1595710696518662,0.6647464073685696,30629597943.0,6849.330097087379,13197.005313716412,14868.566576140627,32767.0,6849.330097087379,-28883.0,0.15224208376580783,0.28238482620275374,22770650019.0,17671.456310679612,23473.16393712116,29381.453220683678,32767.0,17671.456310679612,-32768.0,0.3989908564329552,-1.4428676788731407,88916788716.0,30961.464015772897,5659.139407566721,679.2407526054367,55771.54473385151,36629.43602340927,24166.718126381995,14381.293280108737,14373.359042340877,14363.292036298717,14339.813536928441,14319.069955837254,58.0,7336130447.436669,3.9585428274317973,83082.87103416519,83027.7841302364,82992.30873866162,82828.58675965102,82754.77256747358,59.0,245547559023.23795,3.9607915723720137
5246.076923076923,6245.512651699969,8156.454583051672,24116.0,5246.076923076923,-204.0,1.7074717770103733,1.6281353105504457,6918886142.0,-3029.153846153846,5850.680126093874,6588.340531692215,3734.0,-3029.153846153846,-21558.0,2.615280222644712,-1.852372177020371,4514248020.0,-1038.0192307692307,3077.226885902709,3247.5851383403683,7169.0,-1038.0192307692307,-12619.0,1.9276343155787519,-0.2284134119752592,1096868160.0,-12411.51923076923,18447.719887240582,22234.301847682247,32767.0,-12411.51923076923,-32768.0,0.6068644484502377,1.0464722516317138,51413874580.0,11854.240384615385,13412.428357035122,17900.174566993646,32767.0,11854.240384615385,-32768.0,0.3483456715923241,-0.3241091478058704,33323289951.0,16075.413461538461,24214.439958663963,29064.721235049783,32767.0,16075.413461538461,-32768.0,0.03498716765090615,-1.2849613410790253,87854834129.0,30183.366462341473,7852.900934409791,1242.9267878680546,56755.263518020955,38700.76084534032,8239.726087680343,29278.66538344451,29274.31587299723,29237.779585715136,29223.904921114405,29152.532332005085,62.0,28818231913.062958,3.8783261239930447,150788.9641083731,150671.994296778,150662.70556309572,150316.24052739,150289.02997676955,63.0,752641207352.0648,3.881163878483939
4977.1442307692305,5390.929234189932,7337.171301116193,19236.0,4977.1442307692305,-1218.0,0.11745907927635146,1.229383877989133,5598744601.0,-3508.3076923076924,7645.251244899224,8411.782775460768,5131.0,-3508.3076923076924,-27412.0,1.896385499176965,-1.633855068722433,7358841304.0,305.46153846153845,2602.4703165493956,2620.3355701131104,8325.0,305.46153846153845,-6953.0,2.206177157082914,0.7269815399805745,714080484.0,-8809.288461538461,18166.854596655434,20190.05124150544,32767.0,-8809.288461538461,-32768.0,0.34441108422534805,0.9870691835760236,42394369590.0,8039.567307692308,17990.959406882255,19705.564261776417,32767.0,8039.567307692308,-28722.0,-0.9076176969610956,-0.19220905369501998,40384163339.0,9629.25,26038.70609996927,27762.144566352883,32767.0,9629.25,-32768.0,-1.0740437128331837,-0.7671556734565455,80156613776.0,31266.213729839434,7937.179125621942,363.719672275229,56754.686167751825,38513.140954209164,9859.734022781751,108956.95078733403,107377.18978337836,105746.9954660483,104067.96097698004,102341.72435506937,74.0,229222431206.8162,3.638334772681864,565415.0569316499,557165.4462179625,548652.5801920256,539884.7902203804,530870.642200487,74.0,6139072266369.474,3.6320254508541354
